<?xml version="1.0"?>
<mvc-action-config version="1.0">
    <action-set class="com.mcafee.VirusScan.policies.alert.AlertActions">
        <action name="EditAlertPolicy.do" execute="EditPolicy" permission="perm:VIRUSCAN8800.policy.view?featureID=VIRUSCAN8800"/>
        <action name="SaveAlertPolicy.do" execute="SavePolicy" permission="perm:VIRUSCAN8800.policy.edit?featureID=VIRUSCAN8800"/>
    </action-set>
    <action-set class="com.mcafee.VirusScan.policies.oasgeneral.OASGeneralActions">
        <action name="EditOASGeneralPolicy.do" execute="EditPolicy" permission="perm:VIRUSCAN8800.policy.view?featureID=VIRUSCAN8800"/>
        <action name="SaveOASGeneralPolicy.do" execute="SavePolicy" permission="perm:VIRUSCAN8800.policy.edit?featureID=VIRUSCAN8800"/>
    </action-set>
    <action-set class="com.mcafee.VirusScan.policies.oasdefault.OASDefaultActions">
        <action name="EditOASDefaultPolicy.do" execute="EditPolicy" permission="perm:VIRUSCAN8800.policy.view?featureID=VIRUSCAN8800"/>
        <action name="SaveOASDefaultPolicy.do" execute="SavePolicy" permission="perm:VIRUSCAN8800.policy.edit?featureID=VIRUSCAN8800"/>
    </action-set>
    <action-set class="com.mcafee.VirusScan.policies.accessprotection.AccessProtectionActions">
        <action name="EditAccessProtectionPolicy.do" execute="EditPolicy" permission="perm:VIRUSCAN8800.policy.view?featureID=VIRUSCAN8800"/>
        <action name="SaveAccessProtectionPolicy.do" execute="SavePolicy" permission="perm:VIRUSCAN8800.policy.edit?featureID=VIRUSCAN8800"/>
    </action-set>
    <action-set class="com.mcafee.VirusScan.policies.emailscan.EmailScanActions">
        <action name="EditEmailScanPolicy.do" execute="EditPolicy" permission="perm:VIRUSCAN8800.policy.view?featureID=VIRUSCAN8800"/>
        <action name="SaveEmailScanPolicy.do" execute="SavePolicy" permission="perm:VIRUSCAN8800.policy.edit?featureID=VIRUSCAN8800"/>
    </action-set>
    <action-set class="com.mcafee.VirusScan.policies.quarantine.QuarantineActions">
        <action name="EditQuarantinePolicy.do" execute="EditPolicy" permission="perm:VIRUSCAN8800.policy.view?featureID=VIRUSCAN8800"/>
        <action name="SaveQuarantinePolicy.do" execute="SavePolicy" permission="perm:VIRUSCAN8800.policy.edit?featureID=VIRUSCAN8800"/>
    </action-set>
    <action-set class="com.mcafee.VirusScan.policies.bufferoverflow.BufferOverflowActions">
        <action name="EditBufferOverflowPolicy.do" execute="EditPolicy" permission="perm:VIRUSCAN8800.policy.view?featureID=VIRUSCAN8800"/>
        <action name="SaveBufferOverflowPolicy.do" execute="SavePolicy" permission="perm:VIRUSCAN8800.policy.edit?featureID=VIRUSCAN8800"/>
    </action-set>
    <action-set class="com.mcafee.VirusScan.policies.userinterface.UserInterfaceActions">
        <action name="EditUserInterfacePolicy.do" execute="EditPolicy" permission="perm:VIRUSCAN8800.policy.view?featureID=VIRUSCAN8800"/>
        <action name="SaveUserInterfacePolicy.do" execute="SavePolicy" permission="perm:VIRUSCAN8800.policy.edit?featureID=VIRUSCAN8800"/>
    </action-set>
    <action-set class="com.mcafee.VirusScan.policies.unwantedprograms.UnwantedProgramsActions">
        <action name="EditUnwantedProgramsPolicy.do" execute="EditPolicy" permission="perm:VIRUSCAN8800.policy.view?featureID=VIRUSCAN8800"/>
        <action name="SaveUnwantedProgramsPolicy.do" execute="SavePolicy" permission="perm:VIRUSCAN8800.policy.edit?featureID=VIRUSCAN8800"/>
    </action-set>
    <action-set class="com.mcafee.VirusScan.policies.oaslowrisk.OASLowRiskActions">
        <action name="EditOASLowRiskPolicy.do" execute="EditPolicy" permission="perm:VIRUSCAN8800.policy.view?featureID=VIRUSCAN8800"/>
        <action name="SaveOASLowRiskPolicy.do" execute="SavePolicy" permission="perm:VIRUSCAN8800.policy.edit?featureID=VIRUSCAN8800"/>
    </action-set>
    <action-set class="com.mcafee.VirusScan.policies.oashighrisk.OASHighRiskActions">
        <action name="EditOASHighRiskPolicy.do" execute="EditPolicy" permission="perm:VIRUSCAN8800.policy.view?featureID=VIRUSCAN8800"/>
        <action name="SaveOASHighRiskPolicy.do" execute="SavePolicy" permission="perm:VIRUSCAN8800.policy.edit?featureID=VIRUSCAN8800"/>
    </action-set>
    <action-set class="com.mcafee.VirusScan.tasks.ODS.ODSTaskActions">
        <action name="EditODSTaskSettings.do" execute="EditTaskSettings"/>
        <action name="SaveODSTaskSettings.do" execute="SaveTaskSettings"/>
    </action-set>
    <action-set class="com.mcafee.VirusScan.tasks.QuarantineRestore.QRTaskActions">
        <action name="EditQRSettings.do" execute="EditTaskSettings"/>
        <action name="SaveQRSettings.do" execute="SaveTaskSettings"/>
    </action-set>
</mvc-action-config>