<project name='VIRUSCAN8800_Extension' default='install' basedir='.'>
  <property file="extension.properties"/>
  <!-- the context URL the webapp will be installed to -->
  <property name="context" value="/VIRUSCAN8800"/>

  <path id="task.classpath">
      <fileset dir="webapp/WEB-INF/lib">
         <include name="*.jar" />
      </fileset>
  </path>

  <taskdef name="CustomAntTask"
           classname="com.mcafee.VSAS.core.CustomAntTask"
           classpathref="task.classpath" />
  <CustomAntTask/>

  <target name="init">
    <bundle id="stringBundle" location="strings" />
    <get-string bundleRef="stringBundle" key="compliantkey" id="compliantid" />
    <get-string bundleRef="stringBundle" key="noncompliantkey" id="noncompliantid" />
  </target>
    
  <target name="mfs2installed" depends="init" if ="install.mfs2">
      <querygroup id="VSE.queryGroup"
              bundleRef="stringBundle"
              shared="true"
              uniqueKey="virusscanenterprise.group">
              <nameKey>VSEQueryGroup.name</nameKey>
              <descriptionKey>VSEQueryGroup.desc</descriptionKey>
      </querygroup>
      <set-config configRef="VSE.queryGroup"/>
  </target>

  <target name="install" depends="init,mfs2installed">
    <install-webapp dir="webapp" context="${context}"/>
    <install-policy dir="webapp/DATA"/>
    <reg-prodfamily prodID="VIRUSCAN8800" family="VIRUSCAN" familyDispName="VirusScan Enterprise" props="ProductVersion, Language, Hotfix, ServicePack, DATVer, EngineVer, EngineVer64, LicenseStatus"/>

    <!--Reports/Queries-->
      <query id="vse.CurrentVSE88Compliance" bundleRef="stringBundle">
           <nameKey>CurrentVSE88Compliance</nameKey>
           <descriptionKey>CurrentVSECompliance.description</descriptionKey>
           <property name="uniqueKey">vse88compliance</property>
           <property name="target">EPOLeafNode</property>
           <property name="groupRef" value="VSE.queryGroup"/>
           <property name="tableURI">query:table?orion.table.columns=EPOComputerProperties.ComputerName%3AEPOComputerProperties.DomainName%3AEPOLeafNode.Tags%3AEPOLeafNode.os%3AEPOLeafNode.products%3AEPOLeafNode.LastUpdate%3AEPOProdPropsView_VIRUSCAN.productversion%3AEPOProdPropsView_VIRUSCAN.hotfix%3AEPOProdPropsView_VIRUSCAN.datver%3AEPOProdPropsView_VIRUSCAN.enginever&amp;orion.table.order.by=EPOComputerProperties.ComputerName%3AEPOComputerProperties.DomainName%3AEPOLeafNode.Tags%3AEPOLeafNode.os%3AEPOLeafNode.products%3AEPOLeafNode.LastUpdate%3AEPOProdPropsView_VIRUSCAN.productversion%3AEPOProdPropsView_VIRUSCAN.hotfix%3AEPOProdPropsView_VIRUSCAN.datver%3AEPOProdPropsView_VIRUSCAN.enginever&amp;orion.table.order=az</property>
           <property name="conditionURI">query:condition?orion.condition.sexp=</property>
           <property name="summaryURI">query:summary?orion.sum.query=true&amp;orion.chart.type=bool&amp;bool.green.criteria=%28+where+%28+and+%28+withinRepositoryDatVersion+EPOProdPropsView_VIRUSCAN.datver+3++%29+%28+version_ge+EPOProdPropsView_VIRUSCAN.enginever+%225400%22+%29+%28+and+%28+version_ge+EPOProdPropsView_VIRUSCAN.productversion+%228.8%22+%29+%28+version_lt+EPOProdPropsView_VIRUSCAN.productversion+%228.9%22+%29+%29+%28+isBlank+EPOProdPropsView_VIRUSCAN.hotfix+%29+%29+%29&amp;bool.green.text=${compliantid}&amp;bool.red.text=${noncompliantid}</property>           
      </query>
      <set-config configRef="vse.CurrentVSE88Compliance"/>

  </target>

  <target name="uninstall">
    <echo message="Uninstall called for ${extension.name} (version ${extension.version})"/>
    <remove-policy dir="webapp/DATA"/>
    <remove-webapp context="${context}"/>
    <unreg-prodfamily prodID="VIRUSCAN8800" family="VIRUSCAN"/>
  </target>

  <target name="real_upgrade">
      <echo message="Real_Upgrade called."/>

      <remove-webapp context="${context}"/>
      <install-webapp dir="webapp" context="${context}"/>
      <install-policy dir="webapp/DATA"/>
      <execute-sql file="sql/VSE_RemoveTaskCookies_Proc.sql"/>
      <execute-sql file="sql/VSE_RemoveTaskCookies.sql"/>
      <execute-sql file="sql/Policy_RemoveCookieSettings.sql"/>
      <execute-sql file="sql/VSE_AddNewPlatformIds.sql"/>
      <execute-sql file="sql/VSE_CorrectBOPExclAPI.sql"/>
      <!--Commented to disable warn mode. Uncomment to enable
      <execute-sql file="sql/VSE_AddODSHeuristicLogSensitivity.sql"/>-->
  </target>

  <target name="post_upgrade" depends="real_upgrade">
      <echo message="Post_Upgrade called."/>
      <execute-command command="VIRUSCAN8800.APPolicyMigrateCommand" />
      <!--Commented to disable warn mode. Uncomment to enable
      <execute-command command="VIRUSCAN8800.AddHeuristicLogSensitivity" /> -->
      <execute-command command="VIRUSCAN8800.ArtemisDnsSettings" />
  </target>

  <target name="upgrade" depends="post_upgrade">
    <echo message="Upgrade called for ${extension.name} (version ${extension.version})"/>
  </target>

  <target name="downgrade">
    <echo message="Downgrade called for ${extension.name} (version ${extension.version})"/>
    <remove-webapp context="${context}"/>    
    <install-webapp dir="${previous.directory}/webapp" context="${context}"/>
  </target>
    
</project>
