<?xml version="1.0" encoding="UTF-8" ?>
<epo:EPOTaskSchema xmlns:epo="mcafee-epo-task" xmlns:xsi="http://www.w3.org/2001/XMLSchema-instance">
	<EPOTaskVerInfo vermjr="4" vermin="0" verrel="0" verbld="0" />
	<EPOTaskLocaleString productid="VIRUSCAN8800" token="VSC700_Scan_Task">
		<Translation codepage="1033">On Demand Scan</Translation>
		<Translation codepage="1031">Anforderungsscan</Translation>
		<Translation codepage="1034">Análisis bajo demanda</Translation>
		<Translation codepage="1036">Analyse à la demande</Translation>
		<Translation codepage="1041">オンデマンド スキャン</Translation>
		<Translation codepage="1042">주문형 검색</Translation>
		<Translation codepage="2052">按需扫描</Translation>
		<Translation codepage="1028">按指定掃描</Translation>
		<Translation codepage="1049">Сканирование по требованию</Translation>
	</EPOTaskLocaleString>
    <EPOTaskLocaleString productid="VIRUSCAN8800" token="VSC700_Quarantine_Restore">
		<Translation codepage="1033">Restore From Quarantine</Translation>
		<Translation codepage="1031">Aus Quarantäne wiederherstellen</Translation>
		<Translation codepage="1034">Restaurar desde cuarentena</Translation>
		<Translation codepage="1036">Restaurer à partir de la mise en quarantaine</Translation>
		<Translation codepage="1041">検疫からの復元</Translation>
		<Translation codepage="1042">검역에서 복원</Translation>
		<Translation codepage="2052">还原隔离项</Translation>
		<Translation codepage="1028">從隔離區還原</Translation>
		<Translation codepage="1049">Восстановить из карантина</Translation>
	</EPOTaskLocaleString>
    <EPOTaskType
		productid="VIRUSCAN8800"
		typeid="VSC700_Scan_Task" 
		platforms="W2KW:5:0:4|W2KS:5:0:4|W2KAS:5:0:4|W2KDC:5:0:4|WXPHE:5:1:1|WXPW:5:1:1|WXPE:5:1:2|WXPS:5:2:1|WVST|WVSTS|WNT7W|WXPE|WIN8W|WIN8S|WINXW|WINXS"
		editurl="EditODSTaskSettings.do"
		saveurl="SaveODSTaskSettings.do"
		singleton="false" 
		hidden="false"
        taskpermission="true">
	</EPOTaskType>
	<EPOTaskObject name="" productid="VIRUSCAN8800" typeid="VSC700_Scan_Task">
		<Section name="General">
			<Setting name="TaskType" value="SCAN" />
			<Setting name="szTaskName" value="New Scan Task" />
			<Setting name="wTaskAttrib" value="3" />
			<Setting name="UIType" value="2" />
			<Setting name="bAutoStart" value="1" />
			<Setting name="bAutoExit" value="1" />
			<Setting name="bAlwaysExit" value="1" />
			<Setting name="bSkipSplash" value="1" />
		</Section>
		<Section name="Where">
			<Setting name="bScanSubDirs" value="1" />
			<Setting name="bSkipBootScan" value="0" />
		</Section>
		<Section name="ScanItems">
			<Setting name="dwScanItemCount" value="4" />
			<Setting name="szScanItem0" value="SpecialScanForRootkits" />
            <Setting name="szScanItem1" value="SpecialMemory" />
			<Setting name="szScanItem2" value="LocalDrives" />
			<Setting name="szScanItem3" value="SpecialRegistrySpyware" />
		</Section>
		<Section name="What">
			<Setting name="szProgExts" value="" />
			<Setting name="szDefProgExts" value="" />
			<Setting name="bScanAllFiles" value="1" />
			<Setting name="bScanDefaultFiles" value="0" />
			<Setting name="bScanAllOle" value="0" />
			<Setting name="ScanArchives" value="1" />
			<Setting name="ScanMime" value="0" />
		</Section>
		<Section name="Advanced">
			<Setting name="dwProgramHeuristicsLevel" value="1" />
			<Setting name="dwMacroHeuristicsLevel" value="1" />
			<Setting name="nPriority" value="50" />
			<Setting name="bDoHsm" value="0" />
            <Setting name="bDeferScanOnBattery" value="0" />
            <Setting name="bDeferScanInFullScreen" value="0" />
            <Setting name="bPermitUserDefer" value="0" />
            <Setting name="uDeferTime" value="1" />
            <Setting name="dwHeuristicNetCheckSensitivity" value="2" />
            <!--Commented to disable warn mode. Uncomment to enable
            <Setting name="dwHeuristicLogSensitivity" value="-1" />-->
        </Section>
		<Section name="Actions">
			<Setting name="uAction" value="5" />
			<Setting name="uSecAction" value="4" />
		</Section>
		<Section name="Spyware">
			<Setting name="ApplyNVP" value="1" />
			<Setting name="uAction_Program" value="5" />
			<Setting name="uSecAction_Program" value="4" />
		</Section>
		<Section name="Reports">
			<Setting name="bLogToFile" value="1" />
			<Setting name="szLogFileName" value="%DEFLOGDIR%\OnDemandScanLog.txt" />
			<Setting name="bLimitSize" value="1" />
			<Setting name="uKilobytes" value="1024" />
			<Setting name="bLogSettings" value="0" />
			<Setting name="bLogSummary" value="1" />
			<Setting name="bLogScanFailure" value="1" />
			<Setting name="LogFileFormat" value="1" />
            <Setting name="Alert_ExcludeCookies" value="1" />
        </Section>
		<Section name="Exclusions">
			<Setting name="dwExclusionCount" value="0" />
			<Setting name="bAppendExclusions" value="0" />
		</Section>
		<Section name="VSE7_SchedulerSection">
			<Setting name="bRunOnServer" value="1" />
			<Setting name="bRunOnWrkstn" value="1" />
			<Setting name="bDisplayTask" value="0" />
			<Setting name="VSE7_UserName" value="" />
			<Setting name="VSE7_DomainName" value="" />
			<Setting name="VSE7_Password" value="" />
            <Setting name="VSE7_PasswordEx" value="" />
		</Section>
	</EPOTaskObject>
    <EPOTaskType
		productid="VIRUSCAN8800"
		typeid="VSC700_Quarantine_Restore"
		platforms="W2KW:5:0:4|W2KS:5:0:4|W2KAS:5:0:4|W2KDC:5:0:4|WXPHE:5:1:1|WXPW:5:1:1|WXPE:5:1:2|WXPS:5:2:1|WVST|WVSTS|WNT7W|WXPE|WIN8W|WIN8S|WINXW|WINXS"
		editurl="EditQRSettings.do"
		saveurl="SaveQRSettings.do"
		singleton="false"
		hidden="false"
        taskpermission="true">
	</EPOTaskType>
	<EPOTaskObject name="" productid="VIRUSCAN8800" typeid="VSC700_Quarantine_Restore">
		<Section name="General">
			<Setting name="TaskType" value="RESTORE" />
			<Setting name="szTaskName" value="New Scan Task" />
			<Setting name="wTaskAttrib" value="3" />
			<Setting name="UIType" value="2" />
			<Setting name="bAutoStart" value="1" />
			<Setting name="bAutoExit" value="1" />
			<Setting name="bAlwaysExit" value="1" />
			<Setting name="bSkipSplash" value="1" />
		</Section>
		<Section name="Restore">
			<Setting name="szDetectionName" value="" />
		</Section>
		<Section name="VSE7_SchedulerSection">
			<Setting name="bRunOnServer" value="1" />
			<Setting name="bRunOnWrkstn" value="1" />
			<Setting name="bDisplayTask" value="0" />
			<Setting name="VSE7_UserName" value="" />
			<Setting name="VSE7_DomainName" value="" />
			<Setting name="VSE7_Password" value="" />
            <Setting name="VSE7_PasswordEx" value="" />
		</Section>
	</EPOTaskObject>
</epo:EPOTaskSchema>
